{"cameraMode":{"drawMode":0,"name":"Shaded","section":"Shading Mode"},"sceneLighting":true,"audioPlay":false,"sceneViewState":{"showFog":true,"showMaterialUpdate":false,"showSkybox":true,"showFlares":true,"showImageEffects":true,"showParticleSystems":true},"in2DMode":false,"pivot":{"x":0.7349793910980225,"y":1.216796875,"z":-4.512152194976807},"rotation":{"x":-0.007797336205840111,"y":0.8938191533088684,"z":-0.015552139841020108,"w":-0.448090136051178},"size":11.499211311340332,"orthographic":true}